{
  "status": "success",
  "error": "",
  "wp0": [
    20.0,
    0.0,
    -12.0
  ],
  "wp1": [
    20.0,
    10.0,
    -12.0
  ],
  "reach_dist": 2.0,
  "phase_min_dist": {
    "wp0": 1.1482454046264032,
    "wp1": 1.6263569157486524
  },
  "metrics": {
    "final_pos": [
      20.31029176169172,
      5.9761342845003895,
      -10.919996738106866
    ],
    "final_dist_wp0": 6.080860877330984,
    "final_dist_wp1": 4.177820402966929,
    "min_dist_wp0": 0.6267363156127993,
    "min_dist_wp1": 1.6263569157486524,
    "duration_s": 14.081505060195923,
    "num_samples": 34
  }
}